0,Eclipse,http://www.phish.net//song/eclipse_(pink_floyd)
1,Fluff's Travels,http://www.phish.net//song/fluffs-travels
2,Quadrophonic Toppling,http://www.phish.net//song/quadrophonic-toppling
3,The Happy Whip and Dung Song,http://www.phish.net//song/the-happy-whip-and-dung-song
4,Windy City,http://www.phish.net//song/windy-city
5,Flatbed Truck Jam,http://www.phish.net//song/flatbed-truck-jam
6,Tomorrow's Song,http://www.phish.net//song/tomorrows-song
7,Fire Up the Ganja,http://www.phish.net//song/fire-up-the-ganja
8,Killer Joe,http://www.phish.net//song/killer-joe
9,Metal Bagel Death,http://www.phish.net//song/metal-bagel-death
10,Tower Jam,http://www.phish.net//song/tower-jam
11,Freeworld,http://www.phish.net//song/freeworld
12,Punch Me in the Eye,http://www.phish.net//song/punch-me-in-the-eye
13,Dickie Scotland,http://www.phish.net//song/dickie-scotland
14,Merry Pranksters Jam,http://www.phish.net//song/merry-pranksters-jam
15,Art Jam,http://www.phish.net//song/art-jam
16,Ambient Jam,http://www.phish.net//song/ambient-jam
17,Never,http://www.phish.net//song/never
18,Nowhere Fast,http://www.phish.net//song/nowhere-fast
19,I've Turned Bad,http://www.phish.net//song/ive-turned-bad
20,Gaul Swerves and the Rest is Everything Else,http://www.phish.net//song/gaul-swerves-and-the-rest-is-everything-else
21,Mallory,http://www.phish.net//song/mallory
22,Idea,http://www.phish.net//song/idea
23,Dr. Gabel,http://www.phish.net//song/dr-gabel
24,Storage Jam,http://www.phish.net//song/storage-jam
25,Snow,http://www.phish.net//song/snow
26,Amidst the Peals of Laughter,http://www.phish.net//song/amidst-the-peals-of-laughter
27,You Never Know,http://www.phish.net//song/you-never-know
28,Intro,http://www.phish.net//song/intro
29,The Haunted House,http://www.phish.net//song/the-haunted-house
30,Shipwreck,http://www.phish.net//song/shipwreck
31,The Unsafe Bridge,http://www.phish.net//song/the-unsafe-bridge
32,The Chinese Water Torture,http://www.phish.net//song/the-chinese-water-torture
33,Drive-In Jam,http://www.phish.net//song/drive-in-jam
34,Can't Always Listen,http://www.phish.net//song/cant-always-listen
35,5:15,http://www.phish.net//song/515
36,Bell Boy,http://www.phish.net//song/bell-boy
37,Birthday,http://www.phish.net//song/birthday
38,Born Under Punches (The Heat Goes On),http://www.phish.net//song/born-under-punches-the-heat-goes-on
39,Cannonball,http://www.phish.net//song/cannonball
40,I Want To Be a Cowboy's Sweetheart,http://www.phish.net//song/i-want-to-be-a-cowboys-sweetheart
41,Cut My Hair,http://www.phish.net//song/cut-my-hair
42,Doctor Jimmy,http://www.phish.net//song/doctor-jimmy
43,Don't Pass Me By,http://www.phish.net//song/dont-pass-me-by
44,Gettin' Jiggy Wit' It,http://www.phish.net//song/gettin-jiggy-wit-it
45,Glass Onion,http://www.phish.net//song/glass-onion
46,Helpless Dancer,http://www.phish.net//song/helpless-dancer
47,Honey Pie,http://www.phish.net//song/honey-pie
48,Houses in Motion,http://www.phish.net//song/houses-in-motion
49,I Am the Sea,http://www.phish.net//song/i-am-the-sea
50,I Will,http://www.phish.net//song/i-will
51,I'm One,http://www.phish.net//song/im-one
52,I've Had Enough,http://www.phish.net//song/ive-had-enough
53,Is It In My Head?,http://www.phish.net//song/is-it-in-my-head
54,Julia,http://www.phish.net//song/julia
55,Listening Wind,http://www.phish.net//song/listening-wind
56,Long Long Long,http://www.phish.net//song/long-long-long
57,Love, Reign O'er Me,http://www.phish.net//song/love-reign-oer-me
58,Maiden Voyage,http://www.phish.net//song/maiden-voyage
59,Martha My Dear,http://www.phish.net//song/martha-my-dear
60,Mirror in the Bathroom,http://www.phish.net//song/mirror-in-the-bathroom
61,Moose the Mooche,http://www.phish.net//song/moose-the-mooche
62,Mother Nature's Son,http://www.phish.net//song/mother-natures-son
63,My Generation,http://www.phish.net//song/my-generation
64,New Age,http://www.phish.net//song/new-age
65,The Overload,http://www.phish.net//song/the-overload
66,Quadrophenia,http://www.phish.net//song/quadrophenia
67,Revolution 1,http://www.phish.net//song/revolution-1
68,Revolution 9,http://www.phish.net//song/revolution-9
69,Rock and Roll All Nite,http://www.phish.net//song/rock-and-roll-all-nite
70,Rock and Roll Part Two,http://www.phish.net//song/rock-and-roll-part-two
71,Rocky Raccoon,http://www.phish.net//song/rocky-raccoon
72,Savoy Truffle,http://www.phish.net//song/savoy-truffle
73,Seen and Not Seen,http://www.phish.net//song/seen-and-not-seen
74,Sexy Sadie,http://www.phish.net//song/sexy-sadie
75,Shine,http://www.phish.net//song/shine-2
76,The Continuing Story of Bungalow Bill,http://www.phish.net//song/the-continuing-story-of-bungalow-bill
77,The Dirty Jobs,http://www.phish.net//song/the-dirty-jobs
78,The Great Curve,http://www.phish.net//song/the-great-curve
79,The Punk Meets the Godfather,http://www.phish.net//song/the-punk-meets-the-godfather
80,The Rock,http://www.phish.net//song/the-rock
81,Train Round the Bend,http://www.phish.net//song/train-round-the-bend
82,Trench Town Rock,http://www.phish.net//song/trench-town-rock
83,Tubthumping,http://www.phish.net//song/tubthumping
84,Who Loves the Sun?,http://www.phish.net//song/who-loves-the-sun
85,Wild Honey Pie,http://www.phish.net//song/wild-honey-pie
86,Wildwood Weed,http://www.phish.net//song/wildwood-weed
87,Wormtown,http://www.phish.net//song/wormtown
88,Yer Blues,http://www.phish.net//song/yer-blues
89,California Love,http://www.phish.net//song/california-love
90,High-Heel Sneakers,http://www.phish.net//song/high-heel-sneakers
91,Who By Fire,http://www.phish.net//song/who-by-fire
92,Baby Lemonade,http://www.phish.net//song/baby-lemonade
93,Lullaby of Birdland,http://www.phish.net//song/lullaby-of-birdland
94,Carefree,http://www.phish.net//song/carefree
95,Earache My Eye,http://www.phish.net//song/earache-my-eye
96,Lively Up Yourself,http://www.phish.net//song/lively-up-yourself
97,The Cover of 'Rolling Stone',http://www.phish.net//song/the-cover-of-rolling-stone
98,The Lion Sleeps Tonight,http://www.phish.net//song/the-lion-sleeps-tonight
99,Everyday I Have the Blues,http://www.phish.net//song/everyday-i-have-the-blues
100,The Thrill is Gone,http://www.phish.net//song/the-thrill-is-gone
101,Rock Me Baby,http://www.phish.net//song/rock-me-baby
102,Clone,http://www.phish.net//song/clone
103,Drifting,http://www.phish.net//song/drifting
104,Blue Skies,http://www.phish.net//song/blue-skies
105,Final Flight,http://www.phish.net//song/final-flight
106,It's All Right,http://www.phish.net//song/its-all-right
107,Loup Garou,http://www.phish.net//song/loup-garou
108,Choo Choo Ch' Boogie,http://www.phish.net//song/choo-choo-ch-boogie
109,Dust in the Wind,http://www.phish.net//song/dust-in-the-wind
110,You Gotta See Mama Every Night,http://www.phish.net//song/you-gotta-see-mama-every-night
111,Fooled Around and Fell in Love,http://www.phish.net//song/fooled-around-and-fell-in-love
112,You Ain't Goin' Nowhere,http://www.phish.net//song/you-aint-goin-nowhere
113,Chariots of Fire,http://www.phish.net//song/chariots-of-fire
114,Squeeze Box,http://www.phish.net//song/squeeze-box
115,Roadhouse Blues,http://www.phish.net//song/roadhouse-blues
116,P-Funk Medley,http://www.phish.net//song/p-funk-medley
117,Jungle Boogie,http://www.phish.net//song/jungle-boogie
118,Feel the Heat,http://www.phish.net//song/feel-the-heat
119,My Life As a Pez,http://www.phish.net//song/my-life-as-a-pez
120,St. Stephen,http://www.phish.net//song/st-stephen
121,Girls Girls Girls,http://www.phish.net//song/girls-girls-girls
122,Spanish Flea,http://www.phish.net//song/spanish-flea
123,Help Me,http://www.phish.net//song/help-me
124,O Mio Babbino Caro,http://www.phish.net//song/o-mio-babbino-caro
125,Black and Tan Fantasy,http://www.phish.net//song/black-and-tan-fantasy
126,Dahlia,http://www.phish.net//song/dahlia
127,Revolution's Over,http://www.phish.net//song/revolutions-over
128,Why You Been Gone So Long?,http://www.phish.net//song/why-you-been-gone-so-long
129,I Been to Georgia on a Fast Train,http://www.phish.net//song/i-been-to-georgia-on-a-fast-train
130,That's Alright Mama,http://www.phish.net//song/thats-alright-mama
131,Jessica,http://www.phish.net//song/jessica
132,Bring It On Home,http://www.phish.net//song/bring-it-on-home
133,The Other One,http://www.phish.net//song/the-other-one
134,Revival,http://www.phish.net//song/revival
135,Hurricane,http://www.phish.net//song/hurricane
136,Wild Thing,http://www.phish.net//song/wild-thing
137,Cocaine,http://www.phish.net//song/cocaine
138,I Kissed a Girl,http://www.phish.net//song/i-kissed-a-girl
139,Oye Como Va,http://www.phish.net//song/oye-como-va
140,Hold Whatcha Got,http://www.phish.net//song/hold-whatcha-got
141,Roadrunner,http://www.phish.net//song/roadrunner
142,Walk This Way,http://www.phish.net//song/walk-this-way
143,Rapper's Delight,http://www.phish.net//song/rappers-delight
144,El Paso,http://www.phish.net//song/el-paso
145,Tuesday's Gone,http://www.phish.net//song/tuesdays-gone
146,Born to Run,http://www.phish.net//song/born-to-run
147,On My Knees,http://www.phish.net//song/on-my-knees
148,Smoke on the Water,http://www.phish.net//song/smoke-on-the-water
149,Gold Soundz,http://www.phish.net//song/gold-soundz
150,Woodstock,http://www.phish.net//song/woodstock
151,Cold Rain and Snow,http://www.phish.net//song/cold-rain-and-snow
152,Viola Lee Blues,http://www.phish.net//song/viola-lee-blues
153,We're Not Gonna Take It,http://www.phish.net//song/were-not-gonna-take-it
154,Tonight,http://www.phish.net//song/tonight
155,Babylon is Burning,http://www.phish.net//song/babylon-is-burning
156,Dec 1661,http://www.phish.net//song/dec-1661
157,Help on the Way,http://www.phish.net//song/help-on-the-way
158,Slipknot!,http://www.phish.net//song/slipknot
159,Not Fade Away,http://www.phish.net//song/not-fade-away
160,Tell Me Something Good,http://www.phish.net//song/tell-me-something-good
161,Come On (Part One),http://www.phish.net//song/come-on-part-one
162,Stir It Up,http://www.phish.net//song/stir-it-up
163,Sympathy for the Devil,http://www.phish.net//song/sympathy-for-the-devil
164,Che Hun Ta Mo,http://www.phish.net//song/che-hun-ta-mo
165,Big Alligator,http://www.phish.net//song/big-alligator
166,Midnight Rider,http://www.phish.net//song/midnight-rider
167,The Chicken,http://www.phish.net//song/the-chicken
168,One Meatball,http://www.phish.net//song/one-meatball
169,Little Red Rooster,http://www.phish.net//song/little-red-rooster
170,Got My Mojo Working,http://www.phish.net//song/got-my-mojo-working
171,I Told You So,http://www.phish.net//song/i-told-you-so
172,Love Me Like a Man,http://www.phish.net//song/love-me-like-a-man
173,St. Thomas,http://www.phish.net//song/st-thomas
174,Diamond Girl,http://www.phish.net//song/diamond-girl
175,Cecilia,http://www.phish.net//song/cecilia
176,99 Problems,http://www.phish.net//song/99-problems
177,Big Pimpin',http://www.phish.net//song/big-pimpin
178,Sweet Georgia Brown,http://www.phish.net//song/sweet-georgia-brown
179,The Tears of a Clown,http://www.phish.net//song/the-tears-of-a-clown
180,Cool Jerk,http://www.phish.net//song/cool-jerk
181,She Thinks I Still Care,http://www.phish.net//song/she-thinks-i-still-care
182,When the Cactus is in Bloom,http://www.phish.net//song/when-the-cactus-is-in-bloom
183,Bobby Jean,http://www.phish.net//song/bobby-jean
184,Glory Days,http://www.phish.net//song/glory-days
185,Gloria,http://www.phish.net//song/gloria
186,Amoreena,http://www.phish.net//song/amoreena
187,Them Changes,http://www.phish.net//song/them-changes
188,I'm Gonna Be (500 Miles),http://www.phish.net//song/im-gonna-be-500-miles
189,New York, New York,http://www.phish.net//song/new-york-new-york
190,Three Little Birds,http://www.phish.net//song/three-little-birds
191,Rhinoceros,http://www.phish.net//song/rhinoceros
192,Runnin' with the Devil,http://www.phish.net//song/runnin-with-the-devil
193,Terrapin Station,http://www.phish.net//song/terrapin-station
194,Burning Down the House,http://www.phish.net//song/burning-down-the-house
195,Arc,http://www.phish.net//song/arc
196,Down By the River,http://www.phish.net//song/down-by-the-river
197,Moonlight in Vermont,http://www.phish.net//song/moonlight-in-vermont
198,Uncloudy Day,http://www.phish.net//song/uncloudy-day
199,Helpless,http://www.phish.net//song/helpless
200,Sad Lisa,http://www.phish.net//song/sad-lisa
201,Four Strong Winds,http://www.phish.net//song/four-strong-winds
202,I Shall Be Released,http://www.phish.net//song/i-shall-be-released
203,Speak to Me,http://www.phish.net//song/speak-to-me
204,On The Run,http://www.phish.net//song/on-the-run
205,Time,http://www.phish.net//song/time
206,Money,http://www.phish.net//song/money
207,Us and Them,http://www.phish.net//song/us-and-them
208,Any Colour You Like,http://www.phish.net//song/any-colour-you-like
209,Brain Damage,http://www.phish.net//song/brain-damage
210,Smells Like Teen Spirit,http://www.phish.net//song/smells-like-teen-spirit
211,So Lonely,http://www.phish.net//song/so-lonely
212,All the Pain Through the Years,http://www.phish.net//song/all-the-pain-through-the-years
213,Layla,http://www.phish.net//song/layla
214,1999,http://www.phish.net//song/1999
215,Call It Stormy Monday (But Tuesday Is Just As Bad),http://www.phish.net//song/call-it-stormy-monday-but-tuesday-is-just-as-bad
216,Green Onions,http://www.phish.net//song/green-onions
217,American Woman,http://www.phish.net//song/american-woman
218,Le Freak,http://www.phish.net//song/le-freak
219,If I Don't Be There By Morning,http://www.phish.net//song/if-i-dont-be-there-by-morning
220,Dazed and Confused,http://www.phish.net//song/dazed-and-confused
221,Funky (Breakdown),http://www.phish.net//song/funky-breakdown
222,On Green Dolphin Street,http://www.phish.net//song/on-green-dolphin-street
223,Autumn Leaves,http://www.phish.net//song/autumn-leaves
224,Four,http://www.phish.net//song/four
225,My Favorite Things,http://www.phish.net//song/my-favorite-things
226,Lucky Seven,http://www.phish.net//song/lucky-seven
227,Blue Sky,http://www.phish.net//song/blue-sky
228,Night and Day,http://www.phish.net//song/night-and-day
229,Andy's Chest,http://www.phish.net//song/andys-chest
230,Bitchin' Again,http://www.phish.net//song/bitchin-again
231,Cryin',http://www.phish.net//song/cryin
232,White Rabbit,http://www.phish.net//song/white-rabbit
233,Night Moves,http://www.phish.net//song/night-moves
234,Pusherman,http://www.phish.net//song/pusherman
235,T.V. Show,http://www.phish.net//song/tv-show
236,Theme from Star Trek,http://www.phish.net//song/theme-from-star-trek
237,Brown Eyed Girl,http://www.phish.net//song/brown-eyed-girl
238,Wind Beneath My Wings,http://www.phish.net//song/wind-beneath-my-wings
239,Heart and Soul,http://www.phish.net//song/heart-and-soul
240,Ninety-Nine Years (and One Dark Day),http://www.phish.net//song/ninety-nine-years-and-one-dark-day
241,Hold to a Dream,http://www.phish.net//song/hold-to-a-dream
242,Mean Mr. Mustard,http://www.phish.net//song/mean-mr-mustard
243,Midnight on the Highway,http://www.phish.net//song/midnight-on-the-highway
244,Sixteen Candles,http://www.phish.net//song/sixteen-candles
245,Champagne Supernova,http://www.phish.net//song/champagne-supernova
246,Bohemian Rhapsody,http://www.phish.net//song/bohemian-rhapsody
247,The Maker,http://www.phish.net//song/the-maker
248,To France,http://www.phish.net//song/to-france
249,Foggy Mountain Breakdown,http://www.phish.net//song/foggy-mountain-breakdown
250,Rocks Off,http://www.phish.net//song/rocks-off
251,Rip This Joint,http://www.phish.net//song/rip-this-joint
252,Shake Your Hips,http://www.phish.net//song/shake-your-hips
253,Casino Boogie,http://www.phish.net//song/casino-boogie
254,Tumbling Dice,http://www.phish.net//song/tumbling-dice
255,Sweet Black Angel,http://www.phish.net//song/sweet-black-angel
256,Happy,http://www.phish.net//song/happy
257,Turd on the Run,http://www.phish.net//song/turd-on-the-run
258,Ventilator Blues,http://www.phish.net//song/ventilator-blues
259,I Just Want To See His Face,http://www.phish.net//song/i-just-want-to-see-his-face
260,All Down the Line,http://www.phish.net//song/all-down-the-line
261,Stop Breaking Down,http://www.phish.net//song/stop-breaking-down
262,Soul Survivor,http://www.phish.net//song/soul-survivor
263,Invisible,http://www.phish.net//song/invisible
264,Dixie Cannonball,http://www.phish.net//song/dixie-cannonball
265,Blue Moon,http://www.phish.net//song/blue-moon
266,Look Out Cleveland,http://www.phish.net//song/look-out-cleveland
267,Cold Water,http://www.phish.net//song/cold-water
268,Lit O Bit,http://www.phish.net//song/lit-o-bit
269,The Rover,http://www.phish.net//song/the-rover
270,Free Man in Paris,http://www.phish.net//song/free-man-in-paris
271,Billie Jean,http://www.phish.net//song/billie-jean
272,In the Aeroplane Over the Sea,http://www.phish.net//song/in-the-aeroplane-over-the-sea
273,Jumpin' Jack Flash,http://www.phish.net//song/jumpin-jack-flash
274,Killing in the Name,http://www.phish.net//song/killing-in-the-name
275,Thank You,http://www.phish.net//song/thank-you
276,Stairway to Heaven,http://www.phish.net//song/stairway-to-heaven
277,All That You Dream,http://www.phish.net//song/all-that-you-dream
278,Oh Atlanta,http://www.phish.net//song/oh-atlanta
279,Old Folks Boogie,http://www.phish.net//song/old-folks-boogie
280,Day or Night,http://www.phish.net//song/day-or-night
281,Mercenary Territory,http://www.phish.net//song/mercenary-territory
282,Spanish Moon,http://www.phish.net//song/spanish-moon
283,Dixie Chicken,http://www.phish.net//song/dixie-chicken
284,Tripe Face Boogie,http://www.phish.net//song/tripe-face-boogie
285,Willin',http://www.phish.net//song/willin
286,A Apolitical Blues,http://www.phish.net//song/a-apolitical-blues
287,Sailin' Shoes,http://www.phish.net//song/sailin-shoes
288,Feats Don't Fail Me Now,http://www.phish.net//song/feats-dont-fail-me-now
289,Night Nurse,http://www.phish.net//song/night-nurse
290,Burn That Bridge,http://www.phish.net//song/burn-that-bridge
291,Thunder Road,http://www.phish.net//song/thunder-road
292,Rhymes,http://www.phish.net//song/rhymes
293,Monkey Man,http://www.phish.net//song/monkey-man
294,Big Balls,http://www.phish.net//song/big-balls
295,50 Ways to Leave Your Lover,http://www.phish.net//song/50-ways-to-leave-your-lover
296,Rocket Man,http://www.phish.net//song/rocket-man
297,The Way It Goes,http://www.phish.net//song/the-way-it-goes
298,The Gambler,http://www.phish.net//song/the-gambler
299,Garden Party,http://www.phish.net//song/garden-party
300,Fly Like an Eagle,http://www.phish.net//song/fly-like-an-eagle
301,Frost,http://www.phish.net//song/frost
302,On the Road Again,http://www.phish.net//song/on-the-road-again
303,Easy To Slip,http://www.phish.net//song/easy-to-slip
304,Legalize It,http://www.phish.net//song/legalize-it
305,Takin' Care of Business,http://www.phish.net//song/takin-care-of-business
306,Take Me Out to the Ballgame,http://www.phish.net//song/take-me-out-to-the-ballgame
307,Is This What You Wanted,http://www.phish.net//song/is-this-what-you-wanted
308,Heavy Rotation,http://www.phish.net//song/heavy-rotation
309,The Last Step,http://www.phish.net//song/the-last-step
310,United We Stand,http://www.phish.net//song/united-we-stand
311,The Ocean,http://www.phish.net//song/the-ocean
312,Samson and Delilah,http://www.phish.net//song/samson-and-delilah
313,Playing in the Band,http://www.phish.net//song/playing-in-the-band
314,Five Years,http://www.phish.net//song/five-years
315,Soul Love,http://www.phish.net//song/soul-love
316,Moonage Daydream,http://www.phish.net//song/moonage-daydream
317,Starman,http://www.phish.net//song/starman
318,It Ain't Easy,http://www.phish.net//song/it-aint-easy
319,Lady Stardust,http://www.phish.net//song/lady-stardust
320,Star,http://www.phish.net//song/star
321,Hang On to Yourself,http://www.phish.net//song/hang-on-to-yours
322,Ziggy Stardust,http://www.phish.net//song/ziggy-stardust
323,Suffragette City,http://www.phish.net//song/suffragette-city
324,Rock 'n' Roll Suicide,http://www.phish.net//song/rock-n-roll-suicide
325,Mock Song,http://www.phish.net//song/mock-song
326,Running Out of Time,http://www.phish.net//song/running-out-of-time
327,Home,http://www.phish.net//song/home
328,Piano Duet,http://www.phish.net//song/piano-duet
329,Band/Crew Football Theme Song,http://www.phish.net//song/bandcrew-football-theme-song
330,JÃ¤germeister Song,http://www.phish.net//song/jgermeister-song
331,Spread It 'Round,http://www.phish.net//song/spread-it-round
332,T.V. Theme,http://www.phish.net//song/tv-theme
333,Guy Forget,http://www.phish.net//song/guy-forget
334,Waking Up,http://www.phish.net//song/waking-up
335,Glide II,http://www.phish.net//song/glide-ii
336,The Practical Song,http://www.phish.net//song/the-practical-song
337,What Things Seem,http://www.phish.net//song/what-things-seem
338,Say Something,http://www.phish.net//song/say-something
339,Friends,http://www.phish.net//song/friends
340,Let's Go,http://www.phish.net//song/let-go
341,Blackbird,http://www.phish.net//song/blackbird
342,Everybody's Got Something to Hide Except Me and My Monkey,http://www.phish.net//song/everybodys-got-something-to-hide-except-me-and-my-monkey
343,The Fishin' Hole,http://www.phish.net//song/the-fishin-hole
344,Happiness Is a Warm Gun,http://www.phish.net//song/happiness-is-a-warm-gun
345,Head Held High,http://www.phish.net//song/head-held-high
346,Helter Skelter,http://www.phish.net//song/helter-skelter
347,I Found a Reason,http://www.phish.net//song/i-found-a-reason
348,I'm So Tired,http://www.phish.net//song/im-so-tired
349,Ob-La-Di, Ob-La-Da,http://www.phish.net//song/ob-la-di-ob-la-da
350,Once in a Lifetime,http://www.phish.net//song/once-in-a-lifetime
351,Pig in a Pen,http://www.phish.net//song/pig-in-a-pen
352,Piggies,http://www.phish.net//song/piggies
353,The Real Me,http://www.phish.net//song/the-real-me
354,Gone,http://www.phish.net//song/gone
355,All Along the Watchtower,http://www.phish.net//song/all-along-the-watchtower
356,Middle of the Road,http://www.phish.net//song/middle-of-the-road
357,Jump Monk,http://www.phish.net//song/jump-monk
358,Blue Bayou,http://www.phish.net//song/blue-bayou
359,Golden Lady,http://www.phish.net//song/golden-lady
360,Proud Mary,http://www.phish.net//song/proud-mary
361,Spices,http://www.phish.net//song/spices
362,Mr. Completely,http://www.phish.net//song/mr-completely
363,Fire on the Mountain,http://www.phish.net//song/fire-on-the-mountain
364,The Prison Joke,http://www.phish.net//song/the-prison-joke
365,L.A. Woman,http://www.phish.net//song/la-woman
366,Iron Man,http://www.phish.net//song/iron-man
367,Don't Want You No More,http://www.phish.net//song/dont-want-you-no-more
368,Hoochie Coochie Man,http://www.phish.net//song/hoochie-coochie-man
369,Honky Tonk Women,http://www.phish.net//song/honky-tonk-women
370,Baby Elephant Walk,http://www.phish.net//song/baby-elephant-walk
371,Mo' Better Blues,http://www.phish.net//song/mo-better-blues
372,I Wish,http://www.phish.net//song/i-wish
373,Who Knows,http://www.phish.net//song/who-knows
374,Nothin' But A Nothin',http://www.phish.net//song/nothin-but-a-nothin
375,Come On Baby, Let's Go Downtown,http://www.phish.net//song/come-on-baby-lets-go-downtown
376,You Shook Me All Night Long,http://www.phish.net//song/you-shook-me-all-night-long
377,We're an American Band,http://www.phish.net//song/were-an-american-band
378,West L.A. Fadeaway,http://www.phish.net//song/west-la-fadeaway
379,Doin' My Time,http://www.phish.net//song/doin-my-time
380,Will It Go Round in Circles?,http://www.phish.net//song/will-it-go-round-in-circles
381,Messin' with The Kid,http://www.phish.net//song/messin-with-the-kid
382,The Pendulum,http://www.phish.net//song/the-pendulum
383,Tush,http://www.phish.net//song/tush
384,Why Don't You Love Me?,http://www.phish.net//song/why-dont-you-love-me
385,Blue Monk,http://www.phish.net//song/blue-monk
386,Stand!,http://www.phish.net//song/stand
387,Take Me to the River,http://www.phish.net//song/take-me-to-the-river
388,I'll Come Running,http://www.phish.net//song/ill-come-running
389,Rocky Mountain Way,http://www.phish.net//song/rocky-mountain-way
390,You Better Believe It Baby,http://www.phish.net//song/you-better-believe-it-baby
391,I Get a Kick Out of You,http://www.phish.net//song/i-get-a-kick-out-of-you
392,Will the Circle Be Unbroken?,http://www.phish.net//song/will-the-circle-be-unbroken
393,Breathe,http://www.phish.net//song/breathe
394,The Price of Love,http://www.phish.net//song/the-price-of-love
395,Immigrant Song,http://www.phish.net//song/immigrant-song
396,In a Mellow Tone,http://www.phish.net//song/in-a-mellow-tone
397,Family Picture,http://www.phish.net//song/family-picture
398,Fixin' to Die,http://www.phish.net//song/fixin-to-die
399,Dooley,http://www.phish.net//song/dooley
400,Roll in My Sweet Baby's Arms,http://www.phish.net//song/roll-in-my-sweet-babys-arms
401,Heartbreaker,http://www.phish.net//song/heartbreaker
402,Fat Man in the Bathtub,http://www.phish.net//song/fat-man-in-the-bathtub
403,Rocket in My Pocket,http://www.phish.net//song/rocket-in-my-pocket
404,Don't Bogart That Joint,http://www.phish.net//song/dont-bogart-that-joint
405,Dem Bones,http://www.phish.net//song/dem-bones
406,Scabbard,http://www.phish.net//song/scabbard
407,Costume Contest,http://www.phish.net//song/costume-contest
408,I Always Wanted It This Way,http://www.phish.net//song/i-always-wanted-it-this-way
409,Don't Get Me Wrong,http://www.phish.net//song/dont-get-me-wrong
410,Leprechaun,http://www.phish.net//song/leprechaun
411,Chalk Dust Torture Reprise,http://www.phish.net//song/chalk-dust-torture-reprise
412,I Don't Care,http://www.phish.net//song/i-dont-care
413,My Problem Right There,http://www.phish.net//song/my-problem-right-there
414,Pigtail,http://www.phish.net//song/pigtail
415,The Very Long Fuse,http://www.phish.net//song/the-very-long-fuse
416,Timber,http://www.phish.net//song/timber-haunted
417,The Birds,http://www.phish.net//song/the-birds
418,Back in the U.S.S.R.,http://www.phish.net//song/back-in-the-ussr
419,Dear Prudence,http://www.phish.net//song/dear-prudence
420,Sea and Sand,http://www.phish.net//song/sea-and-sand
421,Sweet Jane,http://www.phish.net//song/sweet-jane
422,Sweet Emotion,http://www.phish.net//song/sweet-emotion
423,No Good Trying,http://www.phish.net//song/no-good-trying
424,Spooky,http://www.phish.net//song/spooky
425,Long Cool Woman in a Black Dress,http://www.phish.net//song/long-cool-woman-in-a-black-dress
426,Scarlet Begonias,http://www.phish.net//song/scarlet-begonias
427,Bertha,http://www.phish.net//song/bertha
428,Eyes of the World,http://www.phish.net//song/eyes-of-the-world
429,When Something is Wrong with My Baby,http://www.phish.net//song/when-something-is-wrong-with-my-baby
430,Goin' Down Slow,http://www.phish.net//song/goin-down-slow
431,Minute by Minute,http://www.phish.net//song/minute-by-minute
432,Tennessee Waltz,http://www.phish.net//song/tennessee-waltz
433,Mind Left Body Jam,http://www.phish.net//song/mind-left-body-jam
434,Windora Bug,http://www.phish.net//song/windora-bug
435,If You Need a Fool,http://www.phish.net//song/if-you-need-a-fool
436,Gypsy Queen,http://www.phish.net//song/gypsy-queen
437,Cinnamon Girl,http://www.phish.net//song/cinnamon-girl
438,Blue Bossa,http://www.phish.net//song/blue-bossa
439,Ramble On,http://www.phish.net//song/ramble-on
440,All Blues,http://www.phish.net//song/all-blues
441,Mr. P.C.,http://www.phish.net//song/mr-pc
442,Come Together,http://www.phish.net//song/come-together
443,Let It Loose,http://www.phish.net//song/let-it-loose
444,Instant Karma!,http://www.phish.net//song/instant-karma
445,I Am the Walrus,http://www.phish.net//song/i-am-the-walrus
446,Susskind Hotel,http://www.phish.net//song/susskind-hotel
447,Babylon Baby,http://www.phish.net//song/babylon-baby
448,The Connection,http://www.phish.net//song/the-connection
449,I Been Around,http://www.phish.net//song/i-been-around
450,The Birdwatcher,http://www.phish.net//song/the-birdwatcher
451,Skippy the Wondermouse,http://www.phish.net//song/skippy-the-wondermouse
452,Setting Sail,http://www.phish.net//song/setting-sail
453,Roll Like a Cantaloupe,http://www.phish.net//song/roll-like-a-cantaloupe
454,Revolution,http://www.phish.net//song/revolution
455,Jennifer Dances,http://www.phish.net//song/jennifer-dances
456,Rotation Jam,http://www.phish.net//song/rotation-jam
457,Summer of '89,http://www.phish.net//song/summer-of-89
458,Ain't Love Funny,http://www.phish.net//song/aint-love-funny
459,Sexual Healing,http://www.phish.net//song/sexual-healing
460,Why Don't We Do It in the Road?,http://www.phish.net//song/why-dont-we-do-it-in-the-road
461,Psycho Killer,http://www.phish.net//song/psycho-killer
462,Discern,http://www.phish.net//song/discern
463,Can't You Hear Me Knocking,http://www.phish.net//song/cant-you-hear-me-knocking
464,Melt the Guns,http://www.phish.net//song/melt-the-guns
465,Misty Mountain Hop,http://www.phish.net//song/misty-mountain-hop
466,Phase Dance,http://www.phish.net//song/phase-dance
467,Samson Variation,http://www.phish.net//song/samson-variation
468,Blister in the Sun,http://www.phish.net//song/blister-in-the-sun
469,Beaumont Rag,http://www.phish.net//song/beaumont-rag
470,Something,http://www.phish.net//song/something
471,Energy,http://www.phish.net//song/energy
472,Architect,http://www.phish.net//song/architect
473,Plasma,http://www.phish.net//song/plasma
474,Access Me,http://www.phish.net//song/access-me
475,Bye Bye Foot,http://www.phish.net//song/bye-bye-foot
476,Fikus,http://www.phish.net//song/fikus
477,My Left Toe,http://www.phish.net//song/my-left-toe
478,Shafty,http://www.phish.net//song/shafty
479,Miss You,http://www.phish.net//song/miss-you
480,Things People Do,http://www.phish.net//song/things-people-do
481,Waking Up Dead,http://www.phish.net//song/waking-up-dead
482,More,http://www.phish.net//song/more
483,Wait,http://www.phish.net//song/wait
484,Shade,http://www.phish.net//song/shade
485,Cry Baby Cry,http://www.phish.net//song/cry-baby-cry
486,Emotional Rescue,http://www.phish.net//song/emotional-rescue
487,I Know a Little,http://www.phish.net//song/i-know-a-little
488,Sabotage,http://www.phish.net//song/sabotage
489,In the Midnight Hour,http://www.phish.net//song/in-the-midnight-hour
490,How High the Moon,http://www.phish.net//song/how-high-the-moon
491,The Little Drummer Boy,http://www.phish.net//song/the-little-drummer-boy
492,Self,http://www.phish.net//song/self
493,Whole Lotta Love,http://www.phish.net//song/whole-lotta-love
494,Mozambique,http://www.phish.net//song/mozambique
495,Sweet Virginia,http://www.phish.net//song/sweet-virginia
496,Little Tiny Butter Biscuits,http://www.phish.net//song/little-tiny-butter-biscuits
497,Space Oddity,http://www.phish.net//song/space-oddity
498,No Dogs Allowed,http://www.phish.net//song/no-dogs-allowed
499,Round Room,http://www.phish.net//song/round-room
500,Tide Turns,http://www.phish.net//song/tide-turnss
501,Rock A William,http://www.phish.net//song/rock-a-william
502,Oh! Sweet Nuthin',http://www.phish.net//song/oh-sweet-nuthin
503,Thunderhead,http://www.phish.net//song/thunderhead
504,Wipe Out,http://www.phish.net//song/wipe-out
505,Petrichor,http://www.phish.net//song/petrichor
506,Bill Bailey, Won't You Please Come Home?,http://www.phish.net//song/bill-bailey-wont-you-please-come-home
507,Wild Child,http://www.phish.net//song/wild-child
508,Don't You Want To Go?,http://www.phish.net//song/dont-you-want-to-go
509,Been Caught Stealing,http://www.phish.net//song/been-caught-stealing
510,Undun,http://www.phish.net//song/undun
511,How Many People Are You,http://www.phish.net//song/how-many-people-are-you
512,Black-Eyed Katy,http://www.phish.net//song/black-eyed-katy
513,Olivia's Pool,http://www.phish.net//song/olivias-pool
514,Two Versions of Me,http://www.phish.net//song/two-versions-of-me
515,The Chase,http://www.phish.net//song/the-chase
516,Cool It Down,http://www.phish.net//song/cool-it-down
517,Low Rider,http://www.phish.net//song/low-rider
518,Nothing,http://www.phish.net//song/nothing
519,Somewhere Over the Rainbow,http://www.phish.net//song/somewhere-over-the-rainbow
520,Communication Breakdown,http://www.phish.net//song/communication-breakdown
521,Big Leg Emma,http://www.phish.net//song/big-leg-emma
522,She Caught the Katy and Left Me a Mule to Ride,http://www.phish.net//song/she-caught-the-katy-and-left-me-a-mule-to-ride
523,After Midnight,http://www.phish.net//song/after-midnight
524,Torn and Frayed,http://www.phish.net//song/torn-and-frayed
525,Sleep Again,http://www.phish.net//song/sleep-again
526,NO2,http://www.phish.net//song/no2
527,Walfredo,http://www.phish.net//song/walfredo
528,Sing Monica,http://www.phish.net//song/sing-monica
529,Prep School Hippie,http://www.phish.net//song/prep-school-hippie
530,Lushington,http://www.phish.net//song/lushington
531,In a Hole,http://www.phish.net//song/in-a-hole
532,The Fog That Surrounds,http://www.phish.net//song/the-fog-that-surrounds
533,Your Pet Cat,http://www.phish.net//song/your-pet-cat
534,Mercury,http://www.phish.net//song/mercury
535,Time Loves a Hero,http://www.phish.net//song/time-loves-a-hero
536,Moby Dick,http://www.phish.net//song/moby-dick
537,Crimes of the Mind,http://www.phish.net//song/crimes-of-the-mind
538,Back Porch Boogie Blues,http://www.phish.net//song/back-porch-boogie-blues
539,Spock's Brain,http://www.phish.net//song/spocks-brain
540,Vacuum Solo,http://www.phish.net//song/vacuum-solo
541,Bundle of Joy,http://www.phish.net//song/bundle-of-joy
542,The Dogs,http://www.phish.net//song/the-dogs
543,Ass Handed,http://www.phish.net//song/ass-handed
544,Back at the Chicken Shack,http://www.phish.net//song/back-at-the-chicken-shack
545,Lonesome Cowboy Bill,http://www.phish.net//song/lonesome-cowboy-bill
546,Secret Smile,http://www.phish.net//song/secret-smile
547,Touch Me,http://www.phish.net//song/touch-me
548,I Wan'na Be Like You,http://www.phish.net//song/i-wanna-be-like-you
549,Mellow Mood,http://www.phish.net//song/mellow-mood
550,Crossroads,http://www.phish.net//song/crossroads
551,Mustang Sally,http://www.phish.net//song/mustang-sally
552,Love Me,http://www.phish.net//song/love-me
553,All of These Dreams,http://www.phish.net//song/all-of-these-dreams
554,Digital Delay Loop Jam,http://www.phish.net//song/digital-delay-loop-jam
555,Let Me Lie,http://www.phish.net//song/let-me-lie
556,Soul Shakedown Party,http://www.phish.net//song/soul-shakedown-party
557,I Walk the Line,http://www.phish.net//song/i-walk-the-line
558,Breath and Burning,http://www.phish.net//song/breath-and-burning
559,Clod,http://www.phish.net//song/clod
560,Izabella,http://www.phish.net//song/izabella
561,Drums,http://www.phish.net//song/drums
562,Let's Go,http://www.phish.net//song/lets-go
563,No Quarter,http://www.phish.net//song/no-quarter
564,Anything But Me,http://www.phish.net//song/anything-but-me
565,Faht,http://www.phish.net//song/faht
566,Wombat,http://www.phish.net//song/wombat
567,Anarchy,http://www.phish.net//song/anarchy
568,Rhombus Narration,http://www.phish.net//song/rhombus-narration
569,Secret Language Instructions,http://www.phish.net//song/secret-language-instructions
570,Beauty of a Broken Heart,http://www.phish.net//song/beauty-of-a-broken-heart
571,The Great Gig in the Sky,http://www.phish.net//song/the-great-gig-in-the-sky
572,Yerushalayim Shel Zahav,http://www.phish.net//song/yerushalayim-shel-zahav
573,Friday,http://www.phish.net//song/friday
574,Fuck Your Face,http://www.phish.net//song/fuck-your-face
575,Mexican Cousin,http://www.phish.net//song/mexican-cousin
576,Dear Mrs. Reagan,http://www.phish.net//song/dear-mrs-reagan
577,Suspicious Minds,http://www.phish.net//song/suspicious-minds
578,Swing Low, Sweet Chariot,http://www.phish.net//song/swing-low-sweet-chariot
579,Taste That Surrounds,http://www.phish.net//song/taste-that-surrounds
580,Have Mercy,http://www.phish.net//song/have-mercy
581,Sparks,http://www.phish.net//song/sparks
582,Skin It Back,http://www.phish.net//song/skin-it-back
583,Crowd Control,http://www.phish.net//song/crowd-control
584,Keyboard Army,http://www.phish.net//song/keyboard-army
585,Talk,http://www.phish.net//song/talk
586,Manteca,http://www.phish.net//song/manteca
587,Demand,http://www.phish.net//song/demand
588,Sleep,http://www.phish.net//song/sleep
589,Who Do? We Do!,http://www.phish.net//song/who-do-we-do
590,Albuquerque,http://www.phish.net//song/albuquerque
591,My Long Journey Home,http://www.phish.net//song/my-long-journey-home
592,Winterqueen,http://www.phish.net//song/winterqueen
593,Shaggy Dog,http://www.phish.net//song/shaggy-dog
594,Bittersweet Motel,http://www.phish.net//song/bittersweet-motel
595,The Inlaw Josie Wales,http://www.phish.net//song/the-inlaw-josie-wales
596,Time Turns Elastic,http://www.phish.net//song/time-turns-elastic
597,Ride Captain Ride,http://www.phish.net//song/ride-captain-ride
598,Foreplay/Long Time,http://www.phish.net//song/foreplaylong-time
599,Buffalo Bill,http://www.phish.net//song/buffalo-bill
600,Pebbles and Marbles,http://www.phish.net//song/pebbles-and-marbles
601,Satin Doll,http://www.phish.net//song/satin-doll
602,Army of One,http://www.phish.net//song/army-of-one
603,Devotion To a Dream,http://www.phish.net//song/devotion-to-a-dream
604,Light Up Or Leave Me Alone,http://www.phish.net//song/light-up-or-leave-me-alone
605,Shine a Light,http://www.phish.net//song/shine-a-light
606,Flat Fee,http://www.phish.net//song/flat-fee
607,Grind,http://www.phish.net//song/grind
608,Martian Monster,http://www.phish.net//song/martian-monster
609,Mountains in the Mist,http://www.phish.net//song/mountains-in-the-mist
610,Happy Birthday to You,http://www.phish.net//song/happy-birthday-to-you
611,Eliza,http://www.phish.net//song/eliza
612,Scents and Subtle Sounds,http://www.phish.net//song/scents-and-subtle-sounds
613,The Vibration of Life,http://www.phish.net//song/the-vibration-of-life
614,No Men In No Man's Land,http://www.phish.net//song/no-men-in-no-mans-land
615,Auld Lang Syne,http://www.phish.net//song/auld-lang-syne
616,Daniel Saw the Stone,http://www.phish.net//song/daniel-saw-the-stone
617,On Your Way Down,http://www.phish.net//song/on-your-way-down
618,Dave's Energy Guide,http://www.phish.net//song/daves-energy-guide
619,Party Time,http://www.phish.net//song/party-time
620,Johnny B. Goode,http://www.phish.net//song/johnny-b-goode
621,Life on Mars?,http://www.phish.net//song/life-on-mars
622,The Asse Festival,http://www.phish.net//song/the-asse-festival
623,Steam,http://www.phish.net//song/steam
624,Sugar Shack,http://www.phish.net//song/sugar-shack
625,Blaze On,http://www.phish.net//song/blaze-on
626,Donna Lee,http://www.phish.net//song/donna-lee
627,Yarmouth Road,http://www.phish.net//song/yarmouth-road
628,Show of Life,http://www.phish.net//song/show-of-life
629,Dog Log,http://www.phish.net//song/dog-log
630,Icculus,http://www.phish.net//song/icculus
631,Acoustic Army,http://www.phish.net//song/acoustic-army
632,Corinna,http://www.phish.net//song/corinna
633,The Star Spangled Banner,http://www.phish.net//song/the-star-spangled-banner
634,Twenty Years Later,http://www.phish.net//song/twenty-years-later
635,Wingsuit,http://www.phish.net//song/wingsuit
636,Free Bird,http://www.phish.net//song/free-bird
637,Frankie Says,http://www.phish.net//song/frankie-says
638,Lengthwise,http://www.phish.net//song/lengthwise
639,Steep,http://www.phish.net//song/steep
640,Swept Away,http://www.phish.net//song/swept-away
641,Waiting All Night,http://www.phish.net//song/waiting-all-night
642,A Song I Heard the Ocean Sing,http://www.phish.net//song/a-song-i-heard-the-ocean-sing
643,I'm Blue, I'm Lonesome,http://www.phish.net//song/im-blue-im-lonesome
644,Ha Ha Ha,http://www.phish.net//song/ha-ha-ha
645,Meat,http://www.phish.net//song/meat
646,The Line,http://www.phish.net//song/the-line
647,Saw It Again,http://www.phish.net//song/saw-it-again
648,Purple Rain,http://www.phish.net//song/purple-rain
649,Catapult,http://www.phish.net//song/catapult
650,Driver,http://www.phish.net//song/driver
651,What's the Use?,http://www.phish.net//song/whats-the-use
652,While My Guitar Gently Weeps,http://www.phish.net//song/while-my-guitar-gently-weeps
653,The Curtain With,http://www.phish.net//song/the-curtain-with
654,Undermind,http://www.phish.net//song/undermind
655,Kung,http://www.phish.net//song/kung
656,Alaska,http://www.phish.net//song/alaska
657,Halfway to the Moon,http://www.phish.net//song/halfway-to-the-moon
658,Quinn the Eskimo,http://www.phish.net//song/quinn-the-eskimo
659,Axilla (Part II),http://www.phish.net//song/axilla-part-ii
660,Dogs Stole Things,http://www.phish.net//song/dogs-stole-things
661,555,http://www.phish.net//song/555
662,Waves,http://www.phish.net//song/waves
663,Joy,http://www.phish.net//song/joy
664,Sanity,http://www.phish.net//song/sanity
665,Vultures,http://www.phish.net//song/vultures
666,Weigh,http://www.phish.net//song/weigh
667,The Old Home Place,http://www.phish.net//song/the-old-home-place
668,If I Only Had a Brain,http://www.phish.net//song/if-i-only-had-a-brain
669,Brian and Robert,http://www.phish.net//song/brian-and-robert
670,Destiny Unbound,http://www.phish.net//song/destiny-unbound
671,Crosseyed and Painless,http://www.phish.net//song/crosseyed-and-painless
672,Bike,http://www.phish.net//song/bike
673,Memories,http://www.phish.net//song/memories
674,Golden Age,http://www.phish.net//song/golden-age
675,Seven Below,http://www.phish.net//song/seven-below
676,Drowned,http://www.phish.net//song/drowned
677,Caravan,http://www.phish.net//song/caravan
678,My Mind's Got a Mind of its Own,http://www.phish.net//song/my-minds-got-a-mind-of-its-own
679,Roses Are Free,http://www.phish.net//song/roses-are-free
680,Fuego,http://www.phish.net//song/fuego
681,The Ballad of Curtis Loew,http://www.phish.net//song/the-ballad-of-curtis-loew
682,Walls of the Cave,http://www.phish.net//song/walls-of-the-cave
683,Whipping Post,http://www.phish.net//song/whipping-post
684,Beauty of My Dreams,http://www.phish.net//song/beauty-of-my-dreams
685,Cracklin' Rosie,http://www.phish.net//song/cracklin-rosie
686,Train Song,http://www.phish.net//song/train-song
687,Dog Faced Boy,http://www.phish.net//song/dog-faced-boy
688,Lifeboy,http://www.phish.net//song/lifeboy
689,If I Could,http://www.phish.net//song/if-i-could
690,Camel Walk,http://www.phish.net//song/camel-walk
691,Hello My Baby,http://www.phish.net//song/hello-my-baby
692,Brother,http://www.phish.net//song/brother
693,Billy Breathes,http://www.phish.net//song/billy-breathes
694,Meatstick,http://www.phish.net//song/meatstick
695,Strange Design,http://www.phish.net//song/strange-design
696,When the Circus Comes,http://www.phish.net//song/when-the-circus-comes
697,Nellie Kane,http://www.phish.net//song/nellie-kane
698,Terrapin,http://www.phish.net//song/terrapin
699,Stealing Time From the Faulty Plan,http://www.phish.net//song/stealing-time-from-the-faulty-plan
700,A Day in the Life,http://www.phish.net//song/a-day-in-the-life
701,Dirt,http://www.phish.net//song/dirt
702,Farmhouse,http://www.phish.net//song/farmhouse
703,Magilla,http://www.phish.net//song/magilla
704,Bug,http://www.phish.net//song/bug
705,Sneakin' Sally Through the Alley,http://www.phish.net//song/sneakin-sally-through-the-alley
706,Fast Enough for You,http://www.phish.net//song/fast-enough-for-you
707,Ocelot,http://www.phish.net//song/ocelot
708,Waste,http://www.phish.net//song/waste
709,Gotta Jibboo,http://www.phish.net//song/gotta-jibboo
710,Highway to Hell,http://www.phish.net//song/highway-to-hell
711,My Soul,http://www.phish.net//song/my-soul
712,Cars Trucks Buses,http://www.phish.net//song/cars-trucks-buses
713,Water in the Sky,http://www.phish.net//song/water-in-the-sky
714,Avenu Malkenu,http://www.phish.net//song/avenu-malkenu
715,Bold As Love,http://www.phish.net//song/bold-as-love
716,Boogie On Reggae Woman,http://www.phish.net//song/boogie-on-reggae-woman
717,Jesus Just Left Chicago,http://www.phish.net//song/jesus-just-left-chicago
718,All Things Reconsidered,http://www.phish.net//song/all-things-reconsidered
719,Harpua,http://www.phish.net//song/harpua
720,Ginseng Sullivan,http://www.phish.net//song/ginseng-sullivan
721,Rock and Roll,http://www.phish.net//song/rock-and-roll
722,Carolina,http://www.phish.net//song/carolina
723,La Grange,http://www.phish.net//song/la-grange
724,Walk Away,http://www.phish.net//song/walk-away
725,Peaches en Regalia,http://www.phish.net//song/peaches-en-regalia
726,Cold as Ice,http://www.phish.net//song/cold-as-ice
727,Kill Devil Falls,http://www.phish.net//song/kill-devil-falls
728,Tela,http://www.phish.net//song/tela
729,Light,http://www.phish.net//song/light
730,Roggae,http://www.phish.net//song/roggae
731,Timber (Jerry),http://www.phish.net//song/timber-jerry
732,Sleeping Monkey,http://www.phish.net//song/sleeping-monkey
733,46 Days,http://www.phish.net//song/46-days
734,Frankenstein,http://www.phish.net//song/frankenstein
735,Heavy Things,http://www.phish.net//song/heavy-things
736,Carini,http://www.phish.net//song/carini
737,Sand,http://www.phish.net//song/sand
738,Letter to Jimmy Page,http://www.phish.net//song/letter-to-jimmy-page
739,Cities,http://www.phish.net//song/cities
740,First Tube,http://www.phish.net//song/first-tube
741,Paul and Silas,http://www.phish.net//song/paul-and-silas
742,Wading in the Velvet Sea,http://www.phish.net//song/wading-in-the-velvet-sea
743,The Wedge,http://www.phish.net//song/the-wedge
744,Jam,http://www.phish.net//song/jam
745,Love You,http://www.phish.net//song/love-you
746,The Mango Song,http://www.phish.net//song/the-mango-song
747,Axilla,http://www.phish.net//song/axilla
748,Gumbo,http://www.phish.net//song/gumbo
749,Backwards Down the Number Line,http://www.phish.net//song/backwards-down-the-number-line
750,Big Ball Jam,http://www.phish.net//song/big-ball-jam
751,Makisupa Policeman,http://www.phish.net//song/makisupa-policeman
752,Birds of a Feather,http://www.phish.net//song/birds-of-a-feather
753,Mound,http://www.phish.net//song/mound
754,McGrupp and the Watchful Hosemasters,http://www.phish.net//song/mcgrupp-and-the-watchful-hosemasters
755,Amazing Grace,http://www.phish.net//song/amazing-grace
756,Glide,http://www.phish.net//song/glide
757,Back on the Train,http://www.phish.net//song/back-on-the-train
758,The Curtain,http://www.phish.net//song/the-curtain
759,Take the 'A' Train,http://www.phish.net//song/take-the-a-train
760,Guyute,http://www.phish.net//song/guyute
761,Halley's Comet,http://www.phish.net//song/halleys-comet
762,Colonel Forbin's Ascent,http://www.phish.net//song/colonel-forbins-ascent
763,Esther,http://www.phish.net//song/esther
764,Taste,http://www.phish.net//song/taste
765,Twist,http://www.phish.net//song/twist
766,Loving Cup,http://www.phish.net//song/loving-cup
767,NICU,http://www.phish.net//song/nicu
768,Big Black Furry Creature from Mars,http://www.phish.net//song/big-black-furry-creature-from-mars
769,Fire,http://www.phish.net//song/fire
770,Fly Famous Mockingbird,http://www.phish.net//song/fly-famous-mockingbird
771,Limb By Limb,http://www.phish.net//song/limb-by-limb
772,Scent of a Mule,http://www.phish.net//song/scent-of-a-mule
773,The Man Who Stepped Into Yesterday,http://www.phish.net//song/the-man-who-stepped-into-yesterday
774,Tube,http://www.phish.net//song/tube
775,Prince Caspian,http://www.phish.net//song/prince-caspian
776,My Friend, My Friend,http://www.phish.net//song/my-friend-my-friend
777,Dinner and a Movie,http://www.phish.net//song/dinner-and-a-movie
778,The Moma Dance,http://www.phish.net//song/the-moma-dance
779,Punch You In the Eye,http://www.phish.net//song/punch-you-in-the-eye
780,Theme From the Bottom,http://www.phish.net//song/theme-from-the-bottom
781,Buried Alive,http://www.phish.net//song/buried-alive
782,Ghost,http://www.phish.net//song/ghost
783,The Horse,http://www.phish.net//song/the-horse
784,Piper,http://www.phish.net//song/piper
785,Contact,http://www.phish.net//song/contact
786,Horn,http://www.phish.net//song/horn
787,Simple,http://www.phish.net//song/simple
788,The Sloth,http://www.phish.net//song/the-sloth
789,Free,http://www.phish.net//song/free
790,Silent in the Morning,http://www.phish.net//song/silent-in-the-morning
791,Sweet Adeline,http://www.phish.net//song/sweet-adeline
792,Wolfman's Brother,http://www.phish.net//song/wolfmans-brother
793,Alumni Blues,http://www.phish.net//song/alumni-blues
794,Character Zero,http://www.phish.net//song/character-zero
795,Rocky Top,http://www.phish.net//song/rocky-top
796,Guelah Papyrus,http://www.phish.net//song/guelah-papyrus
797,Lawn Boy,http://www.phish.net//song/lawn-boy
798,Funky Bitch,http://www.phish.net//song/funky-bitch
799,The Landlady,http://www.phish.net//song/the-landlady
800,Uncle Pen,http://www.phish.net//song/uncle-pen
801,Ya Mar,http://www.phish.net//song/ya-mar
802,The Oh Kee Pa Ceremony,http://www.phish.net//song/the-oh-kee-pa-ceremony
803,Julius,http://www.phish.net//song/julius
804,Also Sprach Zarathustra,http://www.phish.net//song/also-sprach-zarathustra
805,Good Times Bad Times,http://www.phish.net//song/good-times-bad-times
806,Slave to the Traffic Light,http://www.phish.net//song/slave-to-the-traffic-light
807,It's Ice,http://www.phish.net//song/its-ice
808,My Sweet One,http://www.phish.net//song/my-sweet-one
809,Fluffhead,http://www.phish.net//song/fluffhead
810,Bathtub Gin,http://www.phish.net//song/bathtub-gin
811,I Didn't Know,http://www.phish.net//song/i-didnt-know
812,Wilson,http://www.phish.net//song/wilson
813,Down with Disease,http://www.phish.net//song/down-with-disease
814,Tweezer Reprise,http://www.phish.net//song/tweezer-reprise
815,Fee,http://www.phish.net//song/fee
816,Rift,http://www.phish.net//song/rift
817,Sample in a Jar,http://www.phish.net//song/sample-in-a-jar
818,Llama,http://www.phish.net//song/llama
819,Poor Heart,http://www.phish.net//song/poor-heart
820,Maze,http://www.phish.net//song/maze
821,AC/DC Bag,http://www.phish.net//song/acdc-bag
822,The Lizards,http://www.phish.net//song/the-lizards
823,Split Open and Melt,http://www.phish.net//song/split-open-and-melt
824,Sparkle,http://www.phish.net//song/sparkle
825,I Am Hydrogen,http://www.phish.net//song/i-am-hydrogen
826,Foam,http://www.phish.net//song/foam
827,The Squirming Coil,http://www.phish.net//song/the-squirming-coil
828,Harry Hood,http://www.phish.net//song/harry-hood
829,Reba,http://www.phish.net//song/reba
830,Runaway Jim,http://www.phish.net//song/runaway-jim
831,Tweezer,http://www.phish.net//song/tweezer
832,Divided Sky,http://www.phish.net//song/divided-sky
833,Stash,http://www.phish.net//song/stash
834,Suzy Greenberg,http://www.phish.net//song/suzy-greenberg
835,Cavern,http://www.phish.net//song/cavern
836,Run Like an Antelope,http://www.phish.net//song/run-like-an-antelope
837,Golgi Apparatus,http://www.phish.net//song/golgi-apparatus
838,Bouncing Around the Room,http://www.phish.net//song/bouncing-around-the-room
839,Chalk Dust Torture,http://www.phish.net//song/chalk-dust-torture
840,David Bowie,http://www.phish.net//song/david-bowie
841,Weekapaug Groove,http://www.phish.net//song/weekapaug-groove
842,Mike's Song,http://www.phish.net//song/mikes-song
843,Possum,http://www.phish.net//song/possum
844,Hold Your Head Up,http://www.phish.net//song/hold-your-head-up
845,You Enjoy Myself,http://www.phish.net//song/you-enjoy-myself
