0,Scents and Subtle Sounds (Intro),http://www.phish.net//song/scents-and-subtle-sounds-intro
1,Bliss,http://www.phish.net//song/bliss
2,Riker's Mailbox,http://www.phish.net//song/rikers-mailbox
3,Montana,http://www.phish.net//song/montana
4,End of Session,http://www.phish.net//song/end-of-session
5,Union Federal,http://www.phish.net//song/union-federal
6,And So To Bed,http://www.phish.net//song/and-so-to-bed
7,Ingest,http://www.phish.net//song/ingest
8,He Ent to the Bog,http://www.phish.net//song/he-ent-to-the-bog
9,Minkin,http://www.phish.net//song/minkin
10,Tiny,http://www.phish.net//song/tiny
11,Maggie's Revenge,http://www.phish.net//song/maggies-revenge
12,Fish Bass,http://www.phish.net//song/fish-bass
13,Insects,http://www.phish.net//song/insects
14,Title Track,http://www.phish.net//song/title-track
15,Albert,http://www.phish.net//song/albert
16,The Name is Slick,http://www.phish.net//song/the-name-is-slick
17,Arrival,http://www.phish.net//song/arrival
18,Steve Reich,http://www.phish.net//song/steve-reich
19,Blue Over Yellow,http://www.phish.net//song/blue-over-yellow
20,Lazy and Red,http://www.phish.net//song/lazy-and-red
21,Den of Iniquity,http://www.phish.net//song/den-of-iniquity
22,Sky Train Wand,http://www.phish.net//song/sky-train-wand
23,Guantanamo Strut,http://www.phish.net//song/guantanamo-strut
24,Victor Jam Session,http://www.phish.net//song/victor-jam-session
25,Last Victor Jam,http://www.phish.net//song/last-victor-jam
26,35 Minute Jam,http://www.phish.net//song/35-minute-jam
27,Heartache,http://www.phish.net//song/heartache
28,The Cataract Song,http://www.phish.net//song/the-cataract-song
29,In a Misty Glade,http://www.phish.net//song/in-a-misty-glade
30,If I Told You,http://www.phish.net//song/if-i-told-you
31,Splinters of Hail,http://www.phish.net//song/splinters-of-hail
32,Can't Come Back,http://www.phish.net//song/cant-come-back
33,Shrine,http://www.phish.net//song/shrine
34,Rocketsled's Funky Main Man Meets Big Joe on Church Street,http://www.phish.net//song/rocketsleds-funky-main-man-meets-big-joe-on-church-street
35,Bubble Wrap,http://www.phish.net//song/bubble-wrap
36,Doomsday,http://www.phish.net//song/doomsday
37,Fluff's Travels,http://www.phish.net//song/fluffs-travels
38,Quadrophonic Toppling,http://www.phish.net//song/quadrophonic-toppling
39,The Happy Whip and Dung Song,http://www.phish.net//song/the-happy-whip-and-dung-song
40,Windy City,http://www.phish.net//song/windy-city
41,Flatbed Truck Jam,http://www.phish.net//song/flatbed-truck-jam
42,Aftermath,http://www.phish.net//song/aftermath
43,Tomorrow's Song,http://www.phish.net//song/tomorrows-song
44,Fire Up the Ganja,http://www.phish.net//song/fire-up-the-ganja
45,Killer Joe,http://www.phish.net//song/killer-joe
46,Metal Bagel Death,http://www.phish.net//song/metal-bagel-death
47,Tower Jam,http://www.phish.net//song/tower-jam
48,Freeworld,http://www.phish.net//song/freeworld
49,Punch Me in the Eye,http://www.phish.net//song/punch-me-in-the-eye
50,Dickie Scotland,http://www.phish.net//song/dickie-scotland
51,Merry Pranksters Jam,http://www.phish.net//song/merry-pranksters-jam
52,Art Jam,http://www.phish.net//song/art-jam
53,Ambient Jam,http://www.phish.net//song/ambient-jam
54,Never,http://www.phish.net//song/never
55,Nowhere Fast,http://www.phish.net//song/nowhere-fast
56,I've Turned Bad,http://www.phish.net//song/ive-turned-bad
57,Gaul Swerves and the Rest is Everything Else,http://www.phish.net//song/gaul-swerves-and-the-rest-is-everything-else
58,Mallory,http://www.phish.net//song/mallory
59,Idea,http://www.phish.net//song/idea
60,Dr. Gabel,http://www.phish.net//song/dr-gabel
61,Storage Jam,http://www.phish.net//song/storage-jam
62,Snow,http://www.phish.net//song/snow
63,Amidst the Peals of Laughter,http://www.phish.net//song/amidst-the-peals-of-laughter
64,You Never Know,http://www.phish.net//song/you-never-know
65,Intro,http://www.phish.net//song/intro
66,The Haunted House,http://www.phish.net//song/the-haunted-house
67,Shipwreck,http://www.phish.net//song/shipwreck
68,The Unsafe Bridge,http://www.phish.net//song/the-unsafe-bridge
69,The Chinese Water Torture,http://www.phish.net//song/the-chinese-water-torture
70,Drive-In Jam,http://www.phish.net//song/drive-in-jam
71,Can't Always Listen,http://www.phish.net//song/cant-always-listen
72,Mock Song,http://www.phish.net//song/mock-song
73,Running Out of Time,http://www.phish.net//song/running-out-of-time
74,Home,http://www.phish.net//song/home
75,Piano Duet,http://www.phish.net//song/piano-duet
76,Band/Crew Football Theme Song,http://www.phish.net//song/bandcrew-football-theme-song
77,JÃ¤germeister Song,http://www.phish.net//song/jgermeister-song
78,Spread It 'Round,http://www.phish.net//song/spread-it-round
79,T.V. Theme,http://www.phish.net//song/tv-theme
80,Guy Forget,http://www.phish.net//song/guy-forget
81,Waking Up,http://www.phish.net//song/waking-up
82,Glide II,http://www.phish.net//song/glide-ii
83,The Practical Song,http://www.phish.net//song/the-practical-song
84,What Things Seem,http://www.phish.net//song/what-things-seem
85,Say Something,http://www.phish.net//song/say-something
86,Friends,http://www.phish.net//song/friends
87,Let's Go,http://www.phish.net//song/let-go
88,Costume Contest,http://www.phish.net//song/costume-contest
89,Somantin,http://www.phish.net//song/somantin
90,I Always Wanted It This Way,http://www.phish.net//song/i-always-wanted-it-this-way
91,Don't Get Me Wrong,http://www.phish.net//song/dont-get-me-wrong
92,Leprechaun,http://www.phish.net//song/leprechaun
93,Chalk Dust Torture Reprise,http://www.phish.net//song/chalk-dust-torture-reprise
94,I Don't Care,http://www.phish.net//song/i-dont-care
95,My Problem Right There,http://www.phish.net//song/my-problem-right-there
96,Pigtail,http://www.phish.net//song/pigtail
97,The Very Long Fuse,http://www.phish.net//song/the-very-long-fuse
98,Timber,http://www.phish.net//song/timber-haunted
99,The Birds,http://www.phish.net//song/the-birds
100,The Connection,http://www.phish.net//song/the-connection
101,I Been Around,http://www.phish.net//song/i-been-around
102,The Birdwatcher,http://www.phish.net//song/the-birdwatcher
103,Skippy the Wondermouse,http://www.phish.net//song/skippy-the-wondermouse
104,Setting Sail,http://www.phish.net//song/setting-sail
105,Roll Like a Cantaloupe,http://www.phish.net//song/roll-like-a-cantaloupe
106,Revolution,http://www.phish.net//song/revolution
107,Jennifer Dances,http://www.phish.net//song/jennifer-dances
108,Rotation Jam,http://www.phish.net//song/rotation-jam
109,Summer of '89,http://www.phish.net//song/summer-of-89
110,Access Me,http://www.phish.net//song/access-me
111,Bye Bye Foot,http://www.phish.net//song/bye-bye-foot
112,Fikus,http://www.phish.net//song/fikus
113,My Left Toe,http://www.phish.net//song/my-left-toe
114,Shafty,http://www.phish.net//song/shafty
115,Miss You,http://www.phish.net//song/miss-you
116,Things People Do,http://www.phish.net//song/things-people-do
117,Waking Up Dead,http://www.phish.net//song/waking-up-dead
118,More,http://www.phish.net//song/more
119,Wait,http://www.phish.net//song/wait
120,Shade,http://www.phish.net//song/shade
121,No Dogs Allowed,http://www.phish.net//song/no-dogs-allowed
122,Round Room,http://www.phish.net//song/round-room
123,Tide Turns,http://www.phish.net//song/tide-turnss
124,Rock A William,http://www.phish.net//song/rock-a-william
125,Black-Eyed Katy,http://www.phish.net//song/black-eyed-katy
126,Olivia's Pool,http://www.phish.net//song/olivias-pool
127,Two Versions of Me,http://www.phish.net//song/two-versions-of-me
128,The Chase,http://www.phish.net//song/the-chase
129,NO2,http://www.phish.net//song/no2
130,Walfredo,http://www.phish.net//song/walfredo
131,Sing Monica,http://www.phish.net//song/sing-monica
132,Prep School Hippie,http://www.phish.net//song/prep-school-hippie
133,Lushington,http://www.phish.net//song/lushington
134,In a Hole,http://www.phish.net//song/in-a-hole
135,The Fog That Surrounds,http://www.phish.net//song/the-fog-that-surrounds
136,Your Pet Cat,http://www.phish.net//song/your-pet-cat
137,Mercury,http://www.phish.net//song/mercury
138,Spock's Brain,http://www.phish.net//song/spocks-brain
139,Vacuum Solo,http://www.phish.net//song/vacuum-solo
140,Bundle of Joy,http://www.phish.net//song/bundle-of-joy
141,The Dogs,http://www.phish.net//song/the-dogs
142,Ass Handed,http://www.phish.net//song/ass-handed
143,All of These Dreams,http://www.phish.net//song/all-of-these-dreams
144,Digital Delay Loop Jam,http://www.phish.net//song/digital-delay-loop-jam
145,Breath and Burning,http://www.phish.net//song/breath-and-burning
146,Clod,http://www.phish.net//song/clod
147,Anything But Me,http://www.phish.net//song/anything-but-me
148,Faht,http://www.phish.net//song/faht
149,Wombat,http://www.phish.net//song/wombat
150,Anarchy,http://www.phish.net//song/anarchy
151,Rhombus Narration,http://www.phish.net//song/rhombus-narration
152,Secret Language Instructions,http://www.phish.net//song/secret-language-instructions
153,Beauty of a Broken Heart,http://www.phish.net//song/beauty-of-a-broken-heart
154,Friday,http://www.phish.net//song/friday
155,Fuck Your Face,http://www.phish.net//song/fuck-your-face
156,Mexican Cousin,http://www.phish.net//song/mexican-cousin
157,Dear Mrs. Reagan,http://www.phish.net//song/dear-mrs-reagan
158,Taste That Surrounds,http://www.phish.net//song/taste-that-surrounds
159,Crowd Control,http://www.phish.net//song/crowd-control
160,Keyboard Army,http://www.phish.net//song/keyboard-army
161,Talk,http://www.phish.net//song/talk
162,Demand,http://www.phish.net//song/demand
163,Sleep,http://www.phish.net//song/sleep
164,Who Do? We Do!,http://www.phish.net//song/who-do-we-do
165,Bittersweet Motel,http://www.phish.net//song/bittersweet-motel
166,Buffalo Bill,http://www.phish.net//song/buffalo-bill
167,Army of One,http://www.phish.net//song/army-of-one
168,Devotion To a Dream,http://www.phish.net//song/devotion-to-a-dream
169,Flat Fee,http://www.phish.net//song/flat-fee
170,Grind,http://www.phish.net//song/grind
171,Martian Monster,http://www.phish.net//song/martian-monster
172,Eliza,http://www.phish.net//song/eliza
173,Scents and Subtle Sounds,http://www.phish.net//song/scents-and-subtle-sounds
174,The Vibration of Life,http://www.phish.net//song/the-vibration-of-life
175,No Men In No Man's Land,http://www.phish.net//song/no-men-in-no-mans-land
176,Dave's Energy Guide,http://www.phish.net//song/daves-energy-guide
177,Party Time,http://www.phish.net//song/party-time
178,The Asse Festival,http://www.phish.net//song/the-asse-festival
179,Steam,http://www.phish.net//song/steam
180,Sugar Shack,http://www.phish.net//song/sugar-shack
181,Blaze On,http://www.phish.net//song/blaze-on
182,Yarmouth Road,http://www.phish.net//song/yarmouth-road
183,Dog Log,http://www.phish.net//song/dog-log
184,Icculus,http://www.phish.net//song/icculus
185,Acoustic Army,http://www.phish.net//song/acoustic-army
186,Twenty Years Later,http://www.phish.net//song/twenty-years-later
187,Wingsuit,http://www.phish.net//song/wingsuit
188,Frankie Says,http://www.phish.net//song/frankie-says
189,Lengthwise,http://www.phish.net//song/lengthwise
190,Steep,http://www.phish.net//song/steep
191,Swept Away,http://www.phish.net//song/swept-away
192,Waiting All Night,http://www.phish.net//song/waiting-all-night
193,A Song I Heard the Ocean Sing,http://www.phish.net//song/a-song-i-heard-the-ocean-sing
194,Ha Ha Ha,http://www.phish.net//song/ha-ha-ha
195,Meat,http://www.phish.net//song/meat
196,The Line,http://www.phish.net//song/the-line
197,Catapult,http://www.phish.net//song/catapult
198,Driver,http://www.phish.net//song/driver
199,What's the Use?,http://www.phish.net//song/whats-the-use
200,Liquid Time,http://www.phish.net//song/liquid-time
201,The Curtain With,http://www.phish.net//song/the-curtain-with
202,Kung,http://www.phish.net//song/kung
203,Only a Dream,http://www.phish.net//song/only-a-dream
204,Halfway to the Moon,http://www.phish.net//song/halfway-to-the-moon
205,Axilla (Part II),http://www.phish.net//song/axilla-part-ii
206,Dogs Stole Things,http://www.phish.net//song/dogs-stole-things
207,555,http://www.phish.net//song/555
208,Waves,http://www.phish.net//song/waves
209,Joy,http://www.phish.net//song/joy
210,Sanity,http://www.phish.net//song/sanity
211,Vultures,http://www.phish.net//song/vultures
212,Weigh,http://www.phish.net//song/weigh
213,Brian and Robert,http://www.phish.net//song/brian-and-robert
214,Destiny Unbound,http://www.phish.net//song/destiny-unbound
215,Seven Below,http://www.phish.net//song/seven-below
216,Fuego,http://www.phish.net//song/fuego
217,Walls of the Cave,http://www.phish.net//song/walls-of-the-cave
218,Train Song,http://www.phish.net//song/train-song
219,Dog Faced Boy,http://www.phish.net//song/dog-faced-boy
220,Lifeboy,http://www.phish.net//song/lifeboy
221,If I Could,http://www.phish.net//song/if-i-could
222,Camel Walk,http://www.phish.net//song/camel-walk
223,Brother,http://www.phish.net//song/brother
224,Billy Breathes,http://www.phish.net//song/billy-breathes
225,Meatstick,http://www.phish.net//song/meatstick
226,Strange Design,http://www.phish.net//song/strange-design
227,Stealing Time From the Faulty Plan,http://www.phish.net//song/stealing-time-from-the-faulty-plan
228,Farmhouse,http://www.phish.net//song/farmhouse
229,Magilla,http://www.phish.net//song/magilla
230,Fast Enough for You,http://www.phish.net//song/fast-enough-for-you
231,Ocelot,http://www.phish.net//song/ocelot
232,Waste,http://www.phish.net//song/waste
233,Cars Trucks Buses,http://www.phish.net//song/cars-trucks-buses
234,Water in the Sky,http://www.phish.net//song/water-in-the-sky
235,All Things Reconsidered,http://www.phish.net//song/all-things-reconsidered
236,Harpua,http://www.phish.net//song/harpua
237,Kill Devil Falls,http://www.phish.net//song/kill-devil-falls
238,Tela,http://www.phish.net//song/tela
239,Roggae,http://www.phish.net//song/roggae
240,Sleeping Monkey,http://www.phish.net//song/sleeping-monkey
241,46 Days,http://www.phish.net//song/46-days
242,Carini,http://www.phish.net//song/carini
243,Letter to Jimmy Page,http://www.phish.net//song/letter-to-jimmy-page
244,Wading in the Velvet Sea,http://www.phish.net//song/wading-in-the-velvet-sea
245,The Wedge,http://www.phish.net//song/the-wedge
246,The Mango Song,http://www.phish.net//song/the-mango-song
247,Axilla,http://www.phish.net//song/axilla
248,Gumbo,http://www.phish.net//song/gumbo
249,Big Ball Jam,http://www.phish.net//song/big-ball-jam
250,Makisupa Policeman,http://www.phish.net//song/makisupa-policeman
251,Birds of a Feather,http://www.phish.net//song/birds-of-a-feather
252,Mound,http://www.phish.net//song/mound
253,McGrupp and the Watchful Hosemasters,http://www.phish.net//song/mcgrupp-and-the-watchful-hosemasters
254,Glide,http://www.phish.net//song/glide
255,The Curtain,http://www.phish.net//song/the-curtain
256,Guyute,http://www.phish.net//song/guyute
257,Halley's Comet,http://www.phish.net//song/halleys-comet
258,Colonel Forbin's Ascent,http://www.phish.net//song/colonel-forbins-ascent
259,Esther,http://www.phish.net//song/esther
260,Taste,http://www.phish.net//song/taste
261,Twist,http://www.phish.net//song/twist
262,NICU,http://www.phish.net//song/nicu
263,Big Black Furry Creature from Mars,http://www.phish.net//song/big-black-furry-creature-from-mars
264,Fly Famous Mockingbird,http://www.phish.net//song/fly-famous-mockingbird
265,Limb By Limb,http://www.phish.net//song/limb-by-limb
266,Scent of a Mule,http://www.phish.net//song/scent-of-a-mule
267,The Man Who Stepped Into Yesterday,http://www.phish.net//song/the-man-who-stepped-into-yesterday
268,Tube,http://www.phish.net//song/tube
269,Prince Caspian,http://www.phish.net//song/prince-caspian
270,My Friend, My Friend,http://www.phish.net//song/my-friend-my-friend
271,Dinner and a Movie,http://www.phish.net//song/dinner-and-a-movie
272,The Moma Dance,http://www.phish.net//song/the-moma-dance
273,Punch You In the Eye,http://www.phish.net//song/punch-you-in-the-eye
274,Theme From the Bottom,http://www.phish.net//song/theme-from-the-bottom
275,Buried Alive,http://www.phish.net//song/buried-alive
276,Ghost,http://www.phish.net//song/ghost
277,The Horse,http://www.phish.net//song/the-horse
278,Piper,http://www.phish.net//song/piper
279,Contact,http://www.phish.net//song/contact
280,Horn,http://www.phish.net//song/horn
281,Simple,http://www.phish.net//song/simple
282,The Sloth,http://www.phish.net//song/the-sloth
283,Free,http://www.phish.net//song/free
284,Silent in the Morning,http://www.phish.net//song/silent-in-the-morning
285,Wolfman's Brother,http://www.phish.net//song/wolfmans-brother
286,Alumni Blues,http://www.phish.net//song/alumni-blues
287,Character Zero,http://www.phish.net//song/character-zero
288,Guelah Papyrus,http://www.phish.net//song/guelah-papyrus
289,Lawn Boy,http://www.phish.net//song/lawn-boy
290,The Landlady,http://www.phish.net//song/the-landlady
291,The Oh Kee Pa Ceremony,http://www.phish.net//song/the-oh-kee-pa-ceremony
292,Julius,http://www.phish.net//song/julius
293,Slave to the Traffic Light,http://www.phish.net//song/slave-to-the-traffic-light
294,It's Ice,http://www.phish.net//song/its-ice
295,My Sweet One,http://www.phish.net//song/my-sweet-one
296,Fluffhead,http://www.phish.net//song/fluffhead
297,Bathtub Gin,http://www.phish.net//song/bathtub-gin
298,I Didn't Know,http://www.phish.net//song/i-didnt-know
299,Wilson,http://www.phish.net//song/wilson
300,Down with Disease,http://www.phish.net//song/down-with-disease
301,Tweezer Reprise,http://www.phish.net//song/tweezer-reprise
302,Fee,http://www.phish.net//song/fee
303,Rift,http://www.phish.net//song/rift
304,Sample in a Jar,http://www.phish.net//song/sample-in-a-jar
305,Llama,http://www.phish.net//song/llama
306,Poor Heart,http://www.phish.net//song/poor-heart
307,Maze,http://www.phish.net//song/maze
308,AC/DC Bag,http://www.phish.net//song/acdc-bag
309,The Lizards,http://www.phish.net//song/the-lizards
310,Split Open and Melt,http://www.phish.net//song/split-open-and-melt
311,Sparkle,http://www.phish.net//song/sparkle
312,I Am Hydrogen,http://www.phish.net//song/i-am-hydrogen
313,Foam,http://www.phish.net//song/foam
314,The Squirming Coil,http://www.phish.net//song/the-squirming-coil
315,Harry Hood,http://www.phish.net//song/harry-hood
316,Reba,http://www.phish.net//song/reba
317,Runaway Jim,http://www.phish.net//song/runaway-jim
318,Tweezer,http://www.phish.net//song/tweezer
319,Divided Sky,http://www.phish.net//song/divided-sky
320,Stash,http://www.phish.net//song/stash
321,Suzy Greenberg,http://www.phish.net//song/suzy-greenberg
322,Cavern,http://www.phish.net//song/cavern
323,Run Like an Antelope,http://www.phish.net//song/run-like-an-antelope
324,Golgi Apparatus,http://www.phish.net//song/golgi-apparatus
325,Bouncing Around the Room,http://www.phish.net//song/bouncing-around-the-room
326,Chalk Dust Torture,http://www.phish.net//song/chalk-dust-torture
327,David Bowie,http://www.phish.net//song/david-bowie
328,Weekapaug Groove,http://www.phish.net//song/weekapaug-groove
329,Mike's Song,http://www.phish.net//song/mikes-song
330,Possum,http://www.phish.net//song/possum
331,You Enjoy Myself,http://www.phish.net//song/you-enjoy-myself
