0,Fluff's Travels,http://www.phish.net//song/fluffs-travels
1,End of Session,http://www.phish.net//song/end-of-session
2,Quadrophonic Toppling,http://www.phish.net//song/quadrophonic-toppling
3,The Happy Whip and Dung Song,http://www.phish.net//song/the-happy-whip-and-dung-song
4,Tomorrow's Song,http://www.phish.net//song/tomorrows-song
5,Windy City,http://www.phish.net//song/windy-city
6,Flatbed Truck Jam,http://www.phish.net//song/flatbed-truck-jam
7,Fire Up the Ganja,http://www.phish.net//song/fire-up-the-ganja
8,Killer Joe,http://www.phish.net//song/killer-joe
9,Metal Bagel Death,http://www.phish.net//song/metal-bagel-death
10,Tower Jam,http://www.phish.net//song/tower-jam
11,Freeworld,http://www.phish.net//song/freeworld
12,Punch Me in the Eye,http://www.phish.net//song/punch-me-in-the-eye
13,Dickie Scotland,http://www.phish.net//song/dickie-scotland
14,Merry Pranksters Jam,http://www.phish.net//song/merry-pranksters-jam
15,Art Jam,http://www.phish.net//song/art-jam
16,Ambient Jam,http://www.phish.net//song/ambient-jam
17,Never,http://www.phish.net//song/never
18,Nowhere Fast,http://www.phish.net//song/nowhere-fast
19,I've Turned Bad,http://www.phish.net//song/ive-turned-bad
20,Gaul Swerves and the Rest is Everything Else,http://www.phish.net//song/gaul-swerves-and-the-rest-is-everything-else
21,Mallory,http://www.phish.net//song/mallory
22,Idea,http://www.phish.net//song/idea
23,Dr. Gabel,http://www.phish.net//song/dr-gabel
24,Storage Jam,http://www.phish.net//song/storage-jam
25,Snow,http://www.phish.net//song/snow
26,Amidst the Peals of Laughter,http://www.phish.net//song/amidst-the-peals-of-laughter
27,You Never Know,http://www.phish.net//song/you-never-know
28,Intro,http://www.phish.net//song/intro
29,The Haunted House,http://www.phish.net//song/the-haunted-house
30,Shipwreck,http://www.phish.net//song/shipwreck
31,The Unsafe Bridge,http://www.phish.net//song/the-unsafe-bridge
32,The Chinese Water Torture,http://www.phish.net//song/the-chinese-water-torture
33,Drive-In Jam,http://www.phish.net//song/drive-in-jam
34,Can't Always Listen,http://www.phish.net//song/cant-always-listen
35,Sunshine of Your Feeling,http://www.phish.net//song/sunshine-of-your-feeling
36,Lawn Boy Reprise,http://www.phish.net//song/lawn-boy-reprise
37,Love Is What We Are,http://www.phish.net//song/love-is-what-we-are
38,Mock Song,http://www.phish.net//song/mock-song
39,Running Out of Time,http://www.phish.net//song/running-out-of-time
40,Friends,http://www.phish.net//song/friends
41,Piano Duet,http://www.phish.net//song/piano-duet
42,Band/Crew Football Theme Song,http://www.phish.net//song/bandcrew-football-theme-song
43,JÃ¤germeister Song,http://www.phish.net//song/jgermeister-song
44,Spread It 'Round,http://www.phish.net//song/spread-it-round
45,T.V. Theme,http://www.phish.net//song/tv-theme
46,Guy Forget,http://www.phish.net//song/guy-forget
47,Waking Up,http://www.phish.net//song/waking-up
48,Glide II,http://www.phish.net//song/glide-ii
49,The Practical Song,http://www.phish.net//song/the-practical-song
50,What Things Seem,http://www.phish.net//song/what-things-seem
51,Say Something,http://www.phish.net//song/say-something
52,Let's Go,http://www.phish.net//song/let-go
53,Thread,http://www.phish.net//song/thread
54,In The Good Old Summer Time,http://www.phish.net//song/in-the-good-old-summer-time
55,Costume Contest,http://www.phish.net//song/costume-contest
56,Don't Get Me Wrong,http://www.phish.net//song/dont-get-me-wrong
57,Leprechaun,http://www.phish.net//song/leprechaun
58,Chalk Dust Torture Reprise,http://www.phish.net//song/chalk-dust-torture-reprise
59,I Don't Care,http://www.phish.net//song/i-dont-care
60,My Problem Right There,http://www.phish.net//song/my-problem-right-there
61,Timber,http://www.phish.net//song/timber-haunted
62,Leaves,http://www.phish.net//song/leaves
63,The Connection,http://www.phish.net//song/the-connection
64,The Birdwatcher,http://www.phish.net//song/the-birdwatcher
65,Home,http://www.phish.net//song/home
66,Skippy the Wondermouse,http://www.phish.net//song/skippy-the-wondermouse
67,Setting Sail,http://www.phish.net//song/setting-sail
68,Roll Like a Cantaloupe,http://www.phish.net//song/roll-like-a-cantaloupe
69,Revolution,http://www.phish.net//song/revolution
70,Jennifer Dances,http://www.phish.net//song/jennifer-dances
71,Rotation Jam,http://www.phish.net//song/rotation-jam
72,Summer of '89,http://www.phish.net//song/summer-of-89
73,Pigtail,http://www.phish.net//song/pigtail
74,The Very Long Fuse,http://www.phish.net//song/the-very-long-fuse
75,The Birds,http://www.phish.net//song/the-birds
76,Fikus,http://www.phish.net//song/fikus
77,Shafty,http://www.phish.net//song/shafty
78,My Left Toe,http://www.phish.net//song/my-left-toe
79,Access Me,http://www.phish.net//song/access-me
80,I Been Around,http://www.phish.net//song/i-been-around
81,Bye Bye Foot,http://www.phish.net//song/bye-bye-foot
82,I Always Wanted It This Way,http://www.phish.net//song/i-always-wanted-it-this-way
83,Wait,http://www.phish.net//song/wait
84,Shade,http://www.phish.net//song/shade
85,Round Room,http://www.phish.net//song/round-room
86,No Dogs Allowed,http://www.phish.net//song/no-dogs-allowed
87,Tide Turns,http://www.phish.net//song/tide-turnss
88,Miss You,http://www.phish.net//song/miss-you
89,Rock A William,http://www.phish.net//song/rock-a-william
90,Two Versions of Me,http://www.phish.net//song/two-versions-of-me
91,Olivia's Pool,http://www.phish.net//song/olivias-pool
92,Black-Eyed Katy,http://www.phish.net//song/black-eyed-katy
93,Things People Do,http://www.phish.net//song/things-people-do
94,Waking Up Dead,http://www.phish.net//song/waking-up-dead
95,The Chase,http://www.phish.net//song/the-chase
96,NO2,http://www.phish.net//song/no2
97,Walfredo,http://www.phish.net//song/walfredo
98,Sing Monica,http://www.phish.net//song/sing-monica
99,Prep School Hippie,http://www.phish.net//song/prep-school-hippie
100,Lushington,http://www.phish.net//song/lushington
101,In a Hole,http://www.phish.net//song/in-a-hole
102,The Fog That Surrounds,http://www.phish.net//song/the-fog-that-surrounds
103,Spock's Brain,http://www.phish.net//song/spocks-brain
104,More,http://www.phish.net//song/more
105,Vacuum Solo,http://www.phish.net//song/vacuum-solo
106,Digital Delay Loop Jam,http://www.phish.net//song/digital-delay-loop-jam
107,Bundle of Joy,http://www.phish.net//song/bundle-of-joy
108,The Dogs,http://www.phish.net//song/the-dogs
109,Mercury,http://www.phish.net//song/mercury
110,All of These Dreams,http://www.phish.net//song/all-of-these-dreams
111,Clod,http://www.phish.net//song/clod
112,Ass Handed,http://www.phish.net//song/ass-handed
113,Faht,http://www.phish.net//song/faht
114,Anything But Me,http://www.phish.net//song/anything-but-me
115,Anarchy,http://www.phish.net//song/anarchy
116,Rhombus Narration,http://www.phish.net//song/rhombus-narration
117,Secret Language Instructions,http://www.phish.net//song/secret-language-instructions
118,Beauty of a Broken Heart,http://www.phish.net//song/beauty-of-a-broken-heart
119,Your Pet Cat,http://www.phish.net//song/your-pet-cat
120,Mexican Cousin,http://www.phish.net//song/mexican-cousin
121,Friday,http://www.phish.net//song/friday
122,Wombat,http://www.phish.net//song/wombat
123,Dear Mrs. Reagan,http://www.phish.net//song/dear-mrs-reagan
124,Fuck Your Face,http://www.phish.net//song/fuck-your-face
125,Breath and Burning,http://www.phish.net//song/breath-and-burning
126,Taste That Surrounds,http://www.phish.net//song/taste-that-surrounds
127,Talk,http://www.phish.net//song/talk
128,Keyboard Army,http://www.phish.net//song/keyboard-army
129,Demand,http://www.phish.net//song/demand
130,Sleep,http://www.phish.net//song/sleep
131,Crowd Control,http://www.phish.net//song/crowd-control
132,Who Do? We Do!,http://www.phish.net//song/who-do-we-do
133,Bittersweet Motel,http://www.phish.net//song/bittersweet-motel
134,Buffalo Bill,http://www.phish.net//song/buffalo-bill
135,Army of One,http://www.phish.net//song/army-of-one
136,Devotion To a Dream,http://www.phish.net//song/devotion-to-a-dream
137,Grind,http://www.phish.net//song/grind
138,Flat Fee,http://www.phish.net//song/flat-fee
139,Eliza,http://www.phish.net//song/eliza
140,The Vibration of Life,http://www.phish.net//song/the-vibration-of-life
141,Dave's Energy Guide,http://www.phish.net//song/daves-energy-guide
142,Scents and Subtle Sounds,http://www.phish.net//song/scents-and-subtle-sounds
143,Party Time,http://www.phish.net//song/party-time
144,The Asse Festival,http://www.phish.net//song/the-asse-festival
145,Martian Monster,http://www.phish.net//song/martian-monster
146,No Men In No Man's Land,http://www.phish.net//song/no-men-in-no-mans-land
147,Dog Log,http://www.phish.net//song/dog-log
148,Icculus,http://www.phish.net//song/icculus
149,Acoustic Army,http://www.phish.net//song/acoustic-army
150,Yarmouth Road,http://www.phish.net//song/yarmouth-road
151,Sugar Shack,http://www.phish.net//song/sugar-shack
152,Steam,http://www.phish.net//song/steam
153,Lengthwise,http://www.phish.net//song/lengthwise
154,Frankie Says,http://www.phish.net//song/frankie-says
155,Blaze On,http://www.phish.net//song/blaze-on
156,Swept Away,http://www.phish.net//song/swept-away
157,Steep,http://www.phish.net//song/steep
158,Twenty Years Later,http://www.phish.net//song/twenty-years-later
159,Waiting All Night,http://www.phish.net//song/waiting-all-night
160,Wingsuit,http://www.phish.net//song/wingsuit
161,A Song I Heard the Ocean Sing,http://www.phish.net//song/a-song-i-heard-the-ocean-sing
162,Catapult,http://www.phish.net//song/catapult
163,Meat,http://www.phish.net//song/meat
164,Ha Ha Ha,http://www.phish.net//song/ha-ha-ha
165,Driver,http://www.phish.net//song/driver
166,The Line,http://www.phish.net//song/the-line
167,The Curtain With,http://www.phish.net//song/the-curtain-with
168,Kung,http://www.phish.net//song/kung
169,What's the Use?,http://www.phish.net//song/whats-the-use
170,Axilla (Part II),http://www.phish.net//song/axilla-part-ii
171,Dogs Stole Things,http://www.phish.net//song/dogs-stole-things
172,Halfway to the Moon,http://www.phish.net//song/halfway-to-the-moon
173,Sanity,http://www.phish.net//song/sanity
174,Waves,http://www.phish.net//song/waves
175,Joy,http://www.phish.net//song/joy
176,Vultures,http://www.phish.net//song/vultures
177,Weigh,http://www.phish.net//song/weigh
178,555,http://www.phish.net//song/555
179,Brian and Robert,http://www.phish.net//song/brian-and-robert
180,Seven Below,http://www.phish.net//song/seven-below
181,Destiny Unbound,http://www.phish.net//song/destiny-unbound
182,Fuego,http://www.phish.net//song/fuego
183,Walls of the Cave,http://www.phish.net//song/walls-of-the-cave
184,Lifeboy,http://www.phish.net//song/lifeboy
185,Dog Faced Boy,http://www.phish.net//song/dog-faced-boy
186,Train Song,http://www.phish.net//song/train-song
187,If I Could,http://www.phish.net//song/if-i-could
188,Camel Walk,http://www.phish.net//song/camel-walk
189,Brother,http://www.phish.net//song/brother
190,Billy Breathes,http://www.phish.net//song/billy-breathes
191,Meatstick,http://www.phish.net//song/meatstick
192,Strange Design,http://www.phish.net//song/strange-design
193,Stealing Time From the Faulty Plan,http://www.phish.net//song/stealing-time-from-the-faulty-plan
194,Magilla,http://www.phish.net//song/magilla
195,Farmhouse,http://www.phish.net//song/farmhouse
196,Fast Enough for You,http://www.phish.net//song/fast-enough-for-you
197,Waste,http://www.phish.net//song/waste
198,Ocelot,http://www.phish.net//song/ocelot
199,Cars Trucks Buses,http://www.phish.net//song/cars-trucks-buses
200,All Things Reconsidered,http://www.phish.net//song/all-things-reconsidered
201,Water in the Sky,http://www.phish.net//song/water-in-the-sky
202,Harpua,http://www.phish.net//song/harpua
203,Tela,http://www.phish.net//song/tela
204,Kill Devil Falls,http://www.phish.net//song/kill-devil-falls
205,Sleeping Monkey,http://www.phish.net//song/sleeping-monkey
206,Roggae,http://www.phish.net//song/roggae
207,Letter to Jimmy Page,http://www.phish.net//song/letter-to-jimmy-page
208,46 Days,http://www.phish.net//song/46-days
209,Carini,http://www.phish.net//song/carini
210,Wading in the Velvet Sea,http://www.phish.net//song/wading-in-the-velvet-sea
211,The Wedge,http://www.phish.net//song/the-wedge
212,The Mango Song,http://www.phish.net//song/the-mango-song
213,Gumbo,http://www.phish.net//song/gumbo
214,Axilla,http://www.phish.net//song/axilla
215,Big Ball Jam,http://www.phish.net//song/big-ball-jam
216,Makisupa Policeman,http://www.phish.net//song/makisupa-policeman
217,Birds of a Feather,http://www.phish.net//song/birds-of-a-feather
218,Mound,http://www.phish.net//song/mound
219,McGrupp and the Watchful Hosemasters,http://www.phish.net//song/mcgrupp-and-the-watchful-hosemasters
220,Glide,http://www.phish.net//song/glide
221,The Curtain,http://www.phish.net//song/the-curtain
222,Guyute,http://www.phish.net//song/guyute
223,Colonel Forbin's Ascent,http://www.phish.net//song/colonel-forbins-ascent
224,Halley's Comet,http://www.phish.net//song/halleys-comet
225,Esther,http://www.phish.net//song/esther
226,Taste,http://www.phish.net//song/taste
227,Twist,http://www.phish.net//song/twist
228,Big Black Furry Creature from Mars,http://www.phish.net//song/big-black-furry-creature-from-mars
229,NICU,http://www.phish.net//song/nicu
230,Fly Famous Mockingbird,http://www.phish.net//song/fly-famous-mockingbird
231,Scent of a Mule,http://www.phish.net//song/scent-of-a-mule
232,The Man Who Stepped Into Yesterday,http://www.phish.net//song/the-man-who-stepped-into-yesterday
233,Limb By Limb,http://www.phish.net//song/limb-by-limb
234,Tube,http://www.phish.net//song/tube
235,Prince Caspian,http://www.phish.net//song/prince-caspian
236,Dinner and a Movie,http://www.phish.net//song/dinner-and-a-movie
237,My Friend, My Friend,http://www.phish.net//song/my-friend-my-friend
238,Punch You in the Eye,http://www.phish.net//song/punch-you-in-the-eye
239,The Moma Dance,http://www.phish.net//song/the-moma-dance
240,Theme From the Bottom,http://www.phish.net//song/theme-from-the-bottom
241,Buried Alive,http://www.phish.net//song/buried-alive
242,The Horse,http://www.phish.net//song/the-horse
243,Ghost,http://www.phish.net//song/ghost
244,Contact,http://www.phish.net//song/contact
245,Horn,http://www.phish.net//song/horn
246,Piper,http://www.phish.net//song/piper
247,Simple,http://www.phish.net//song/simple
248,The Sloth,http://www.phish.net//song/the-sloth
249,Free,http://www.phish.net//song/free
250,Silent in the Morning,http://www.phish.net//song/silent-in-the-morning
251,Wolfman's Brother,http://www.phish.net//song/wolfmans-brother
252,Alumni Blues,http://www.phish.net//song/alumni-blues
253,Character Zero,http://www.phish.net//song/character-zero
254,Guelah Papyrus,http://www.phish.net//song/guelah-papyrus
255,Lawn Boy,http://www.phish.net//song/lawn-boy
256,The Landlady,http://www.phish.net//song/the-landlady
257,The Oh Kee Pa Ceremony,http://www.phish.net//song/the-oh-kee-pa-ceremony
258,Julius,http://www.phish.net//song/julius
259,Slave to the Traffic Light,http://www.phish.net//song/slave-to-the-traffic-light
260,It's Ice,http://www.phish.net//song/its-ice
261,My Sweet One,http://www.phish.net//song/my-sweet-one
262,Fluffhead,http://www.phish.net//song/fluffhead
263,I Didn't Know,http://www.phish.net//song/i-didnt-know
264,Bathtub Gin,http://www.phish.net//song/bathtub-gin
265,Wilson,http://www.phish.net//song/wilson
266,Tweezer Reprise,http://www.phish.net//song/tweezer-reprise
267,Fee,http://www.phish.net//song/fee
268,Down with Disease,http://www.phish.net//song/down-with-disease
269,Rift,http://www.phish.net//song/rift
270,Sample in a Jar,http://www.phish.net//song/sample-in-a-jar
271,Llama,http://www.phish.net//song/llama
272,Poor Heart,http://www.phish.net//song/poor-heart
273,Maze,http://www.phish.net//song/maze
274,AC/DC Bag,http://www.phish.net//song/acdc-bag
275,The Lizards,http://www.phish.net//song/the-lizards
276,Split Open and Melt,http://www.phish.net//song/split-open-and-melt
277,Sparkle,http://www.phish.net//song/sparkle
278,I Am Hydrogen,http://www.phish.net//song/i-am-hydrogen
279,Foam,http://www.phish.net//song/foam
280,The Squirming Coil,http://www.phish.net//song/the-squirming-coil
281,Harry Hood,http://www.phish.net//song/harry-hood
282,Runaway Jim,http://www.phish.net//song/runaway-jim
283,Reba,http://www.phish.net//song/reba
284,Tweezer,http://www.phish.net//song/tweezer
285,Divided Sky,http://www.phish.net//song/divided-sky
286,Stash,http://www.phish.net//song/stash
287,Suzy Greenberg,http://www.phish.net//song/suzy-greenberg
288,Cavern,http://www.phish.net//song/cavern
289,Run Like an Antelope,http://www.phish.net//song/run-like-an-antelope
290,Golgi Apparatus,http://www.phish.net//song/golgi-apparatus
291,Bouncing Around the Room,http://www.phish.net//song/bouncing-around-the-room
292,Chalk Dust Torture,http://www.phish.net//song/chalk-dust-torture
293,David Bowie,http://www.phish.net//song/david-bowie
294,Weekapaug Groove,http://www.phish.net//song/weekapaug-groove
295,Mike's Song,http://www.phish.net//song/mikes-song
296,Possum,http://www.phish.net//song/possum
297,You Enjoy Myself,http://www.phish.net//song/you-enjoy-myself
